{"cameraMode":{"drawMode":0,"name":"Shaded","section":"Shading Mode"},"sceneLighting":true,"audioPlay":false,"sceneViewState":{"showFog":true,"showMaterialUpdate":false,"showSkybox":true,"showFlares":true,"showImageEffects":true,"showParticleSystems":true,"showVisualEffectGraphs":true,"m_FxEnabled":true},"in2DMode":false,"pivot":{"x":-10.303560256958008,"y":-0.45786428451538088,"z":1.2344369888305665},"rotation":{"x":0.2797395884990692,"y":0.09512978047132492,"z":-0.02792506478726864,"w":0.9548445343971252},"size":7.411117076873779,"orthographic":false}