{"cameraMode":{"drawMode":0,"name":"Shaded","section":"Shading Mode"},"sceneLighting":true,"audioPlay":false,"sceneViewState":{"showFog":true,"showMaterialUpdate":false,"showSkybox":true,"showFlares":true,"showImageEffects":true,"showParticleSystems":true,"showVisualEffectGraphs":true,"m_FxEnabled":true},"in2DMode":false,"pivot":{"x":-2.0692734718322756,"y":-4.287991523742676,"z":11.67613410949707},"rotation":{"x":-0.18374018371105195,"y":0.013854454271495343,"z":-0.0025886998046189548,"w":-0.9828689098358154},"size":12.12435531616211,"orthographic":false}