{"cameraMode":{"drawMode":0,"name":"Shaded","section":"Shading Mode"},"sceneLighting":false,"audioPlay":false,"sceneViewState":{"showFog":true,"showMaterialUpdate":false,"showSkybox":false,"showFlares":true,"showImageEffects":true,"showParticleSystems":true,"showVisualEffectGraphs":true,"m_FxEnabled":true},"in2DMode":false,"pivot":{"x":0.5015982389450073,"y":-0.038017984479665759,"z":11.618895530700684},"rotation":{"x":0.03002079203724861,"y":0.5986095666885376,"z":-0.02245849370956421,"w":0.800152063369751},"size":2.673480272293091,"orthographic":false}