{"cameraMode":{"drawMode":0,"name":"Shaded","section":"Shading Mode"},"sceneLighting":true,"audioPlay":false,"sceneViewState":{"showFog":true,"showMaterialUpdate":false,"showSkybox":true,"showFlares":true,"showImageEffects":true,"showParticleSystems":true,"showVisualEffectGraphs":true,"m_FxEnabled":true},"in2DMode":false,"pivot":{"x":573.8892822265625,"y":289.1815185546875,"z":-1.7376708984375},"rotation":{"x":-0.053072478622198108,"y":0.011983144097030163,"z":0.0006358593236654997,"w":0.9985107183456421},"size":432.28814697265627,"orthographic":false}