{"cameraMode":{"drawMode":0,"name":"Shaded","section":"Shading Mode"},"sceneLighting":true,"audioPlay":false,"sceneViewState":{"showFog":true,"showMaterialUpdate":false,"showSkybox":true,"showFlares":true,"showImageEffects":true,"showParticleSystems":true,"showVisualEffectGraphs":true,"m_FxEnabled":true},"in2DMode":false,"pivot":{"x":0.3408675491809845,"y":8.545843124389649,"z":-12.682735443115235},"rotation":{"x":0.172119602560997,"y":-0.06791108846664429,"z":0.011894971132278443,"w":0.9826555252075195},"size":3.2679271697998049,"orthographic":false}