{"cameraMode":{"drawMode":0,"name":"Shaded","section":"Shading Mode"},"sceneLighting":false,"audioPlay":false,"sceneViewState":{"showFog":true,"showMaterialUpdate":false,"showSkybox":false,"showFlares":true,"showImageEffects":true,"showParticleSystems":true,"showVisualEffectGraphs":true,"m_FxEnabled":true},"in2DMode":false,"pivot":{"x":0.6568252444267273,"y":-0.030492477118968965,"z":2.2241601943969728},"rotation":{"x":0.03117174282670021,"y":-0.4995913505554199,"z":0.017993105575442315,"w":0.8655155897140503},"size":1.740212321281433,"orthographic":false}