{"cameraMode":{"drawMode":0,"name":"Shaded","section":"Shading Mode"},"sceneLighting":false,"audioPlay":false,"sceneViewState":{"showFog":true,"showMaterialUpdate":false,"showSkybox":false,"showFlares":true,"showImageEffects":true,"showParticleSystems":true,"showVisualEffectGraphs":true,"m_FxEnabled":true},"in2DMode":false,"pivot":{"x":13.890406608581543,"y":-0.35724255442619326,"z":11.507061004638672},"rotation":{"x":0.05027385428547859,"y":-0.24610137939453126,"z":0.012788674794137478,"w":0.967847466468811},"size":1.260125994682312,"orthographic":false}