{"cameraMode":{"drawMode":0,"name":"Shaded","section":"Shading Mode"},"sceneLighting":true,"audioPlay":false,"sceneViewState":{"showFog":true,"showMaterialUpdate":false,"showSkybox":true,"showFlares":true,"showImageEffects":true,"showParticleSystems":true,"showVisualEffectGraphs":true,"m_FxEnabled":true},"in2DMode":false,"pivot":{"x":0.353670597076416,"y":0.6567540764808655,"z":7.102518081665039},"rotation":{"x":0.03294680640101433,"y":-0.052149366587400439,"z":0.0017329598776996136,"w":0.9980350136756897},"size":5.1635003089904789,"orthographic":false}