{"cameraMode":{"drawMode":0,"name":"Shaded","section":"Shading Mode"},"sceneLighting":false,"audioPlay":false,"sceneViewState":{"showFog":true,"showMaterialUpdate":false,"showSkybox":false,"showFlares":true,"showImageEffects":true,"showParticleSystems":true,"showVisualEffectGraphs":true,"m_FxEnabled":true},"in2DMode":false,"pivot":{"x":0.1583952009677887,"y":0.3306048810482025,"z":-0.6511632204055786},"rotation":{"x":-0.0021081133745610716,"y":0.9977890849113464,"z":0.053623147308826449,"w":0.039233628660440448},"size":1.8247449398040772,"orthographic":false}