{"cameraMode":{"drawMode":0,"name":"Shaded","section":"Shading Mode"},"sceneLighting":false,"audioPlay":false,"sceneViewState":{"showFog":true,"showMaterialUpdate":false,"showSkybox":false,"showFlares":true,"showImageEffects":true,"showParticleSystems":true,"showVisualEffectGraphs":true,"m_FxEnabled":true},"in2DMode":false,"pivot":{"x":0.2626383304595947,"y":-0.2371700555086136,"z":0.04290485382080078},"rotation":{"x":-0.08028050512075424,"y":-0.6059554815292358,"z":0.06165469065308571,"w":-0.7890278697013855},"size":0.8588942885398865,"orthographic":false}