{"cameraMode":{"drawMode":0,"name":"Shaded","section":"Shading Mode"},"sceneLighting":false,"audioPlay":false,"sceneViewState":{"showFog":true,"showMaterialUpdate":false,"showSkybox":false,"showFlares":true,"showImageEffects":true,"showParticleSystems":true,"showVisualEffectGraphs":true,"m_FxEnabled":true},"in2DMode":false,"pivot":{"x":-1.931045413017273,"y":0.9754601120948792,"z":0.2866390347480774},"rotation":{"x":-0.06146230548620224,"y":-0.09954757988452912,"z":0.006160690449178219,"w":-0.9931122660636902},"size":1.9352563619613648,"orthographic":false}