{"cameraMode":{"drawMode":0,"name":"Shaded","section":"Shading Mode"},"sceneLighting":false,"audioPlay":false,"sceneViewState":{"showFog":true,"showMaterialUpdate":false,"showSkybox":false,"showFlares":true,"showImageEffects":true,"showParticleSystems":true,"showVisualEffectGraphs":true,"m_FxEnabled":true},"in2DMode":false,"pivot":{"x":-0.0007639105897396803,"y":-1.1911600828170777,"z":-6.073448181152344},"rotation":{"x":-0.0016472316347062588,"y":0.9899609684944153,"z":-0.14082983136177064,"w":-0.011583507061004639},"size":5.966026306152344,"orthographic":false}