{"cameraMode":{"drawMode":0,"name":"Shaded","section":"Shading Mode"},"sceneLighting":true,"audioPlay":false,"sceneViewState":{"showFog":true,"showMaterialUpdate":false,"showSkybox":true,"showFlares":true,"showImageEffects":true,"showParticleSystems":true,"showVisualEffectGraphs":true,"m_FxEnabled":true},"in2DMode":false,"pivot":{"x":0.2906111478805542,"y":-4.807438850402832,"z":9.69133472442627},"rotation":{"x":0.19699901342391969,"y":0.008825943805277348,"z":-0.0017383289523422719,"w":0.9803385138511658},"size":12.406253814697266,"orthographic":false}