{"cameraMode":{"drawMode":0,"name":"Shaded","section":"Shading Mode"},"sceneLighting":true,"audioPlay":false,"sceneViewState":{"showFog":true,"showMaterialUpdate":false,"showSkybox":true,"showFlares":true,"showImageEffects":true,"showParticleSystems":true,"showVisualEffectGraphs":true,"m_FxEnabled":true},"in2DMode":false,"pivot":{"x":1.3244017362594605,"y":3.029064178466797,"z":-6.9694647789001469},"rotation":{"x":-0.15811635553836823,"y":0.05064207315444946,"z":-0.008107662200927735,"w":-0.9860511422157288},"size":6.068194389343262,"orthographic":false}